Ben,付款,1622037247149
Ben,点击,1622037248151
Justin,点击,1622037249153
Milly,取消收藏,1622037250155
Rae,下单,1622037251156
Ben,下单,1622037252158
Milly,付款,1622037253161
Milly,取消收藏,1622037254162
Justin,取消收藏,1622037255166
Kelly,取消收藏,1622037256167
Justin,加购,1622037257168
Tyler,点击,1622037258170
Milly,点赞,1622037259174
Justin,下单,1622037260176
Ben,下单,1622037261179
Bob,点击,1622037262181
Tyler,加购,1622037263184
Milly,点击,1622037264185
Milly,点击,1622037265196
Micheal,下单,1622037266198
Tyler,点击,1622037267199
Milly,加购,1622037268205
Rae,点赞,1622037269207
Kelly,点赞,1622037270209
Justin,点击,1622037271210
Justin,取消收藏,1622037272212
Justin,收藏,1622037273214
Kelly,点赞,1622037274215
Tyler,付款,1622037275217
Tyler,点赞,1622037276218